{"cameraMode":{"drawMode":0,"name":"Shaded","section":"Shading Mode"},"sceneLighting":true,"audioPlay":false,"sceneViewState":{"showFog":true,"showMaterialUpdate":false,"showSkybox":false,"showFlares":true,"showImageEffects":true,"showParticleSystems":true},"in2DMode":false,"pivot":{"x":4.690000057220459,"y":0.5399999618530273,"z":1.2433310747146607},"rotation":{"x":0.3011860251426697,"y":0.13810352981090547,"z":-0.044133108109235767,"w":0.9424822330474854},"size":0.8660253882408142,"orthographic":false}